timestamp,hourly_energy_kwh,estimated_avg_power_kw
2023-01-01 00:00:00,0.0,0.0
2023-01-01 01:00:00,0.0,0.0
2023-01-01 02:00:00,0.0,0.0
2023-01-01 03:00:00,0.0,0.0
2023-01-01 04:00:00,0.0,0.0
2023-01-01 05:00:00,0.0,0.0
2023-01-01 06:00:00,0.0,0.0
2023-01-01 07:00:00,0.0,0.0
2023-01-01 08:00:00,0.02887054567496628,0.02887054567496628
2023-01-01 09:00:00,0.13989976044098856,0.13989976044098856
2023-01-01 10:00:00,0.23795900901697314,0.23795900901697314
2023-01-01 11:00:00,0.30352342654240444,0.30352342654240444
2023-01-01 12:00:00,0.33012956504848284,0.33012956504848284
2023-01-01 13:00:00,0.31553463906252055,0.31553463906252055
2023-01-01 14:00:00,0.26095166329362357,0.26095166329362357
2023-01-01 15:00:00,0.17139084802714016,0.17139084802714016
2023-01-01 16:00:00,0.05974054289290045,0.05974054289290045
2023-01-01 17:00:00,0.0,0.0
2023-01-01 18:00:00,0.0,0.0
2023-01-01 19:00:00,0.0,0.0
2023-01-01 20:00:00,0.0,0.0
2023-01-01 21:00:00,0.0,0.0
2023-01-01 22:00:00,0.0,0.0
2023-01-01 23:00:00,0.0,0.0
2023-01-02 00:00:00,0.0,0.0
2023-01-02 01:00:00,0.0,0.0
2023-01-02 02:00:00,0.0,0.0
2023-01-02 03:00:00,0.0,0.0
2023-01-02 04:00:00,0.0,0.0
2023-01-02 05:00:00,0.0,0.0
2023-01-02 06:00:00,0.0,0.0
2023-01-02 07:00:00,0.0,0.0
2023-01-02 08:00:00,0.029924837172064494,0.029924837172064494
2023-01-02 09:00:00,0.14566710962015986,0.14566710962015986
2023-01-02 10:00:00,0.24801989211232792,0.24801989211232792
2023-01-02 11:00:00,0.31659166185222826,0.31659166185222826
2023-01-02 12:00:00,0.34462850605107453,0.34462850605107453
2023-01-02 13:00:00,0.3297697368083818,0.3297697368083818
2023-01-02 14:00:00,0.2732481273689021,0.2732481273689021
2023-01-02 15:00:00,0.18023107618185394,0.18023107618185394
2023-01-02 16:00:00,0.06391905283300699,0.06391905283300699
2023-01-02 17:00:00,0.0,0.0
2023-01-02 18:00:00,0.0,0.0
2023-01-02 19:00:00,0.0,0.0
2023-01-02 20:00:00,0.0,0.0
2023-01-02 21:00:00,0.0,0.0
2023-01-02 22:00:00,0.0,0.0
2023-01-02 23:00:00,0.0,0.0
2023-01-03 00:00:00,0.0,0.0
2023-01-03 01:00:00,0.0,0.0
2023-01-03 02:00:00,0.0,0.0
2023-01-03 03:00:00,0.0,0.0
2023-01-03 04:00:00,0.0,0.0
2023-01-03 05:00:00,0.0,0.0
2023-01-03 06:00:00,0.0,0.0
2023-01-03 07:00:00,0.0,0.0
2023-01-03 08:00:00,0.011446091062789964,0.011446091062789964
2023-01-03 09:00:00,0.05588339093835005,0.05588339093835005
2023-01-03 10:00:00,0.09522226384532975,0.09522226384532975
2023-01-03 11:00:00,0.12162851871351348,0.12162851871351348
2023-01-03 12:00:00,0.1325043717311765,0.1325043717311765
2023-01-03 13:00:00,0.12693524976932338,0.12693524976932338
2023-01-03 14:00:00,0.10538234484655122,0.10538234484655122
2023-01-03 15:00:00,0.06980798891556882,0.06980798891556882
2023-01-03 16:00:00,0.025189780177396884,0.025189780177396884
2023-01-03 17:00:00,0.0,0.0
2023-01-03 18:00:00,0.0,0.0
2023-01-03 19:00:00,0.0,0.0
2023-01-03 20:00:00,0.0,0.0
2023-01-03 21:00:00,0.0,0.0
2023-01-03 22:00:00,0.0,0.0
2023-01-03 23:00:00,0.0,0.0
2023-01-04 00:00:00,0.0,0.0
2023-01-04 01:00:00,0.0,0.0
2023-01-04 02:00:00,0.0,0.0
2023-01-04 03:00:00,0.0,0.0
2023-01-04 04:00:00,0.0,0.0
2023-01-04 05:00:00,0.0,0.0
2023-01-04 06:00:00,0.0,0.0
2023-01-04 07:00:00,0.0,0.0
2023-01-04 08:00:00,0.009369011168557071,0.009369011168557071
2023-01-04 09:00:00,0.04580741255802297,0.04580741255802297
2023-01-04 10:00:00,0.0780930766313588,0.0780930766313588
2023-01-04 11:00:00,0.0998054100411999,0.0998054100411999
2023-01-04 12:00:00,0.10881155275812511,0.10881155275812511
2023-01-04 13:00:00,0.10435522359500186,0.10435522359500186
2023-01-04 14:00:00,0.08680474475532987,0.08680474475532987
2023-01-04 15:00:00,0.05775129967019109,0.05775129967019109
2023-01-04 16:00:00,0.021202268822213204,0.021202268822213204
2023-01-04 17:00:00,0.0,0.0
2023-01-04 18:00:00,0.0,0.0
2023-01-04 19:00:00,0.0,0.0
2023-01-04 20:00:00,0.0,0.0
2023-01-04 21:00:00,0.0,0.0
2023-01-04 22:00:00,0.0,0.0
2023-01-04 23:00:00,0.0,0.0
2023-01-05 00:00:00,0.0,0.0
2023-01-05 01:00:00,0.0,0.0
2023-01-05 02:00:00,0.0,0.0
2023-01-05 03:00:00,0.0,0.0
2023-01-05 04:00:00,0.0,0.0
2023-01-05 05:00:00,0.0,0.0
2023-01-05 06:00:00,0.0,0.0
2023-01-05 07:00:00,0.0,0.0
2023-01-05 08:00:00,0.028020603190749577,0.028020603190749577
2023-01-05 09:00:00,0.13697874614031438,0.13697874614031438
2023-01-05 10:00:00,0.23358287612070217,0.23358287612070217
2023-01-05 11:00:00,0.2986672396013051,0.2986672396013051
2023-01-05 12:00:00,0.3258496769555881,0.3258496769555881
2023-01-05 13:00:00,0.31285106557911646,0.31285106557911646
2023-01-05 14:00:00,0.26074358258516683,0.26074358258516683
2023-01-05 15:00:00,0.1742311072325067,0.1742311072325067
2023-01-05 16:00:00,0.06507510259455052,0.06507510259455052
2023-01-05 17:00:00,0.0,0.0
2023-01-05 18:00:00,0.0,0.0
2023-01-05 19:00:00,0.0,0.0
2023-01-05 20:00:00,0.0,0.0
2023-01-05 21:00:00,0.0,0.0
2023-01-05 22:00:00,0.0,0.0
2023-01-05 23:00:00,0.0,0.0
2023-01-06 00:00:00,0.0,0.0
2023-01-06 01:00:00,0.0,0.0
2023-01-06 02:00:00,0.0,0.0
2023-01-06 03:00:00,0.0,0.0
2023-01-06 04:00:00,0.0,0.0
2023-01-06 05:00:00,0.0,0.0
2023-01-06 06:00:00,0.0,0.0
2023-01-06 07:00:00,0.0,0.0
2023-01-06 08:00:00,0.0323763188406017,0.0323763188406017
2023-01-06 09:00:00,0.1579992144514771,0.1579992144514771
2023-01-06 10:00:00,0.26942873660296124,0.26942873660296124
2023-01-06 11:00:00,0.3446321320515109,0.3446321320515109
2023-01-06 12:00:00,0.3762500174115162,0.3762500174115162
2023-01-06 13:00:00,0.361635756322828,0.361635756322828
2023-01-06 14:00:00,0.30199225351832065,0.30199225351832065
2023-01-06 15:00:00,0.2026800534714529,0.2026800534714529
2023-01-06 16:00:00,0.07700551732933136,0.07700551732933136
2023-01-06 17:00:00,0.0,0.0
2023-01-06 18:00:00,0.0,0.0
2023-01-06 19:00:00,0.0,0.0
2023-01-06 20:00:00,0.0,0.0
2023-01-06 21:00:00,0.0,0.0
2023-01-06 22:00:00,0.0,0.0
2023-01-06 23:00:00,0.0,0.0
2023-01-07 00:00:00,0.0,0.0
2023-01-07 01:00:00,0.0,0.0
2023-01-07 02:00:00,0.0,0.0
2023-01-07 03:00:00,0.0,0.0
2023-01-07 04:00:00,0.0,0.0
2023-01-07 05:00:00,0.0,0.0
2023-01-07 06:00:00,0.0,0.0
2023-01-07 07:00:00,0.0,0.0
2023-01-07 08:00:00,0.03514196063483434,0.03514196063483434
2023-01-07 09:00:00,0.17093388153012765,0.17093388153012765
2023-01-07 10:00:00,0.2914129854816921,0.2914129854816921
2023-01-07 11:00:00,0.3728603282467393,0.3728603282467393
2023-01-07 12:00:00,0.40732394489290613,0.40732394489290613
2023-01-07 13:00:00,0.3919240918218872,0.3919240918218872
2023-01-07 14:00:00,0.32792557575825115,0.32792557575825115
2023-01-07 15:00:00,0.22105470725948034,0.22105470725948034
2023-01-07 16:00:00,0.08542252437408247,0.08542252437408247
2023-01-07 17:00:00,0.0,0.0
2023-01-07 18:00:00,0.0,0.0
2023-01-07 19:00:00,0.0,0.0
2023-01-07 20:00:00,0.0,0.0
2023-01-07 21:00:00,0.0,0.0
2023-01-07 22:00:00,0.0,0.0
2023-01-07 23:00:00,0.0,0.0
2023-01-08 00:00:00,0.0,0.0
2023-01-08 01:00:00,0.0,0.0
2023-01-08 02:00:00,0.0,0.0
2023-01-08 03:00:00,0.0,0.0
2023-01-08 04:00:00,0.0,0.0
2023-01-08 05:00:00,0.0,0.0
2023-01-08 06:00:00,0.0,0.0
2023-01-08 07:00:00,0.0,0.0
2023-01-08 08:00:00,0.021100259619456184,0.021100259619456184
2023-01-08 09:00:00,0.10214016403890423,0.10214016403890423
2023-01-08 10:00:00,0.17404455674224142,0.17404455674224142
2023-01-08 11:00:00,0.22273236938201607,0.22273236938201607
2023-01-08 12:00:00,0.24346232780143304,0.24346232780143304
2023-01-08 13:00:00,0.23450551401187966,0.23450551401187966
2023-01-08 14:00:00,0.19659590992519155,0.19659590992519155
2023-01-08 15:00:00,0.13311017717095874,0.13311017717095874
2023-01-08 16:00:00,0.05230872130791907,0.05230872130791907
2023-01-08 17:00:00,0.0,0.0
2023-01-08 18:00:00,0.0,0.0
2023-01-08 19:00:00,0.0,0.0
2023-01-08 20:00:00,0.0,0.0
2023-01-08 21:00:00,0.0,0.0
2023-01-08 22:00:00,0.0,0.0
2023-01-08 23:00:00,0.0,0.0
2023-01-09 00:00:00,0.0,0.0
2023-01-09 01:00:00,0.0,0.0
2023-01-09 02:00:00,0.0,0.0
2023-01-09 03:00:00,0.0,0.0
2023-01-09 04:00:00,0.0,0.0
2023-01-09 05:00:00,0.0,0.0
2023-01-09 06:00:00,0.0,0.0
2023-01-09 07:00:00,0.0,0.0
2023-01-09 08:00:00,0.029666311832702307,0.029666311832702307
2023-01-09 09:00:00,0.14269987502689208,0.14269987502689208
2023-01-09 10:00:00,0.2429758809170857,0.2429758809170857
2023-01-09 11:00:00,0.31097966309366,0.31097966309366
2023-01-09 12:00:00,0.3401077495823807,0.3401077495823807
2023-01-09 13:00:00,0.3279356268646677,0.3279356268646677
2023-01-09 14:00:00,0.27545846193705226,0.27545846193705226
2023-01-09 15:00:00,0.1873291196999513,0.1873291196999513
2023-01-09 16:00:00,0.07484731104560799,0.07484731104560799
2023-01-09 17:00:00,0.0,0.0
2023-01-09 18:00:00,0.0,0.0
2023-01-09 19:00:00,0.0,0.0
2023-01-09 20:00:00,0.0,0.0
2023-01-09 21:00:00,0.0,0.0
2023-01-09 22:00:00,0.0,0.0
2023-01-09 23:00:00,0.0,0.0
2023-01-10 00:00:00,0.0,0.0
2023-01-10 01:00:00,0.0,0.0
2023-01-10 02:00:00,0.0,0.0
2023-01-10 03:00:00,0.0,0.0
2023-01-10 04:00:00,0.0,0.0
2023-01-10 05:00:00,0.0,0.0
2023-01-10 06:00:00,0.0,0.0
2023-01-10 07:00:00,0.0,0.0
2023-01-10 08:00:00,0.030216157060507808,0.030216157060507808
2023-01-10 09:00:00,0.14421545158003532,0.14421545158003532
2023-01-10 10:00:00,0.24531327030549316,0.24531327030549316
2023-01-10 11:00:00,0.3139759180010923,0.3139759180010923
2023-01-10 12:00:00,0.34355655322478906,0.34355655322478906
2023-01-10 13:00:00,0.33159813243648095,0.33159813243648095
2023-01-10 14:00:00,0.2790760439095323,0.2790760439095323
2023-01-10 15:00:00,0.19062568117266346,0.19062568117266346
2023-01-10 16:00:00,0.07742279230940557,0.07742279230940557
2023-01-10 17:00:00,0.0,0.0
2023-01-10 18:00:00,0.0,0.0
2023-01-10 19:00:00,0.0,0.0
2023-01-10 20:00:00,0.0,0.0
2023-01-10 21:00:00,0.0,0.0
2023-01-10 22:00:00,0.0,0.0
2023-01-10 23:00:00,0.0,0.0
2023-01-11 00:00:00,0.0,0.0
2023-01-11 01:00:00,0.0,0.0
2023-01-11 02:00:00,0.0,0.0
2023-01-11 03:00:00,0.0,0.0
2023-01-11 04:00:00,0.0,0.0
2023-01-11 05:00:00,0.0,0.0
2023-01-11 06:00:00,0.0,0.0
2023-01-11 07:00:00,0.0,0.0
2023-01-11 08:00:00,0.02895631079052797,0.02895631079052797
2023-01-11 09:00:00,0.13693347445926476,0.13693347445926476
2023-01-11 10:00:00,0.23263996903786077,0.23263996903786077
2023-01-11 11:00:00,0.2977329922724829,0.2977329922724829
2023-01-11 12:00:00,0.3259322511767021,0.3259322511767021
2023-01-11 13:00:00,0.3149005550103449,0.3149005550103449
2023-01-11 14:00:00,0.26553553691551357,0.26553553691551357
2023-01-11 15:00:00,0.1821737569756816,0.1821737569756816
2023-01-11 16:00:00,0.0751951533616215,0.0751951533616215
2023-01-11 17:00:00,0.0,0.0
2023-01-11 18:00:00,0.0,0.0
2023-01-11 19:00:00,0.0,0.0
2023-01-11 20:00:00,0.0,0.0
2023-01-11 21:00:00,0.0,0.0
2023-01-11 22:00:00,0.0,0.0
2023-01-11 23:00:00,0.0,0.0
2023-01-12 00:00:00,0.0,0.0
2023-01-12 01:00:00,0.0,0.0
2023-01-12 02:00:00,0.0,0.0
2023-01-12 03:00:00,0.0,0.0
2023-01-12 04:00:00,0.0,0.0
2023-01-12 05:00:00,0.0,0.0
2023-01-12 06:00:00,0.0,0.0
2023-01-12 07:00:00,0.0,0.0
2023-01-12 08:00:00,0.023383044508675833,0.023383044508675833
2023-01-12 09:00:00,0.10941223366111191,0.10941223366111191
2023-01-12 10:00:00,0.18561108387441233,0.18561108387441233
2023-01-12 11:00:00,0.23750630417108018,0.23750630417108018
2023-01-12 12:00:00,0.2601087836790168,0.2601087836790168
2023-01-12 13:00:00,0.2515494569356387,0.2515494569356387
2023-01-12 14:00:00,0.21252307708031015,0.21252307708031015
2023-01-12 15:00:00,0.1464420184346614,0.1464420184346614
2023-01-12 16:00:00,0.06141565921347951,0.06141565921347951
2023-01-12 17:00:00,4.833844161327316e-05,4.833844161327316e-05
2023-01-12 18:00:00,0.0,0.0
2023-01-12 19:00:00,0.0,0.0
2023-01-12 20:00:00,0.0,0.0
2023-01-12 21:00:00,0.0,0.0
2023-01-12 22:00:00,0.0,0.0
2023-01-12 23:00:00,0.0,0.0
2023-01-13 00:00:00,0.0,0.0
2023-01-13 01:00:00,0.0,0.0
2023-01-13 02:00:00,0.0,0.0
2023-01-13 03:00:00,0.0,0.0
2023-01-13 04:00:00,0.0,0.0
2023-01-13 05:00:00,0.0,0.0
2023-01-13 06:00:00,0.0,0.0
2023-01-13 07:00:00,0.0,0.0
2023-01-13 08:00:00,0.03374466562147804,0.03374466562147804
2023-01-13 09:00:00,0.15602679226662244,0.15602679226662244
2023-01-13 10:00:00,0.2642413302071895,0.2642413302071895
2023-01-13 11:00:00,0.3380355297964925,0.3380355297964925
2023-01-13 12:00:00,0.3703417786570811,0.3703417786570811
2023-01-13 13:00:00,0.3584948736980396,0.3584948736980396
2023-01-13 14:00:00,0.3034540259445505,0.3034540259445505
2023-01-13 15:00:00,0.21000940141985905,0.21000940141985905
2023-01-13 16:00:00,0.08946391181328925,0.08946391181328925
2023-01-13 17:00:00,0.00018769057539834484,0.00018769057539834484
2023-01-13 18:00:00,0.0,0.0
2023-01-13 19:00:00,0.0,0.0
2023-01-13 20:00:00,0.0,0.0
2023-01-13 21:00:00,0.0,0.0
2023-01-13 22:00:00,0.0,0.0
2023-01-13 23:00:00,0.0,0.0
2023-01-14 00:00:00,0.0,0.0
2023-01-14 01:00:00,0.0,0.0
2023-01-14 02:00:00,0.0,0.0
2023-01-14 03:00:00,0.0,0.0
2023-01-14 04:00:00,0.0,0.0
2023-01-14 05:00:00,0.0,0.0
2023-01-14 06:00:00,0.0,0.0
2023-01-14 07:00:00,0.0,0.0
2023-01-14 08:00:00,0.013319539661026848,0.013319539661026848
2023-01-14 09:00:00,0.060781584634621716,0.060781584634621716
2023-01-14 10:00:00,0.1027400971878157,0.1027400971878157
2023-01-14 11:00:00,0.13138756963143114,0.13138756963143114
2023-01-14 12:00:00,0.14399124605583238,0.14399124605583238
2023-01-14 13:00:00,0.1395138791786179,0.1395138791786179
2023-01-14 14:00:00,0.11831707603099162,0.11831707603099162
2023-01-14 15:00:00,0.08223695751095747,0.08223695751095747
2023-01-14 16:00:00,0.03557563976354106,0.03557563976354106
2023-01-14 17:00:00,0.00013641034516405793,0.00013641034516405793
2023-01-14 18:00:00,0.0,0.0
2023-01-14 19:00:00,0.0,0.0
2023-01-14 20:00:00,0.0,0.0
2023-01-14 21:00:00,0.0,0.0
2023-01-14 22:00:00,0.0,0.0
2023-01-14 23:00:00,0.0,0.0
2023-01-15 00:00:00,0.0,0.0
2023-01-15 01:00:00,0.0,0.0
2023-01-15 02:00:00,0.0,0.0
2023-01-15 03:00:00,0.0,0.0
2023-01-15 04:00:00,0.0,0.0
2023-01-15 05:00:00,0.0,0.0
2023-01-15 06:00:00,0.0,0.0
2023-01-15 07:00:00,0.0,0.0
2023-01-15 08:00:00,0.033666529290546726,0.033666529290546726
2023-01-15 09:00:00,0.15144687565682946,0.15144687565682946
2023-01-15 10:00:00,0.2554467301438578,0.2554467301438578
2023-01-15 11:00:00,0.3265354502777852,0.3265354502777852
2023-01-15 12:00:00,0.35796008232928045,0.35796008232928045
2023-01-15 13:00:00,0.34714095074846213,0.34714095074846213
2023-01-15 14:00:00,0.2949496222302465,0.2949496222302465
2023-01-15 15:00:00,0.2058859323302761,0.2058859323302761
2023-01-15 16:00:00,0.09042008512132965,0.09042008512132965
2023-01-15 17:00:00,0.0005477418713857349,0.0005477418713857349
2023-01-15 18:00:00,0.0,0.0
2023-01-15 19:00:00,0.0,0.0
2023-01-15 20:00:00,0.0,0.0
2023-01-15 21:00:00,0.0,0.0
2023-01-15 22:00:00,0.0,0.0
2023-01-15 23:00:00,0.0,0.0
2023-01-16 00:00:00,0.0,0.0
2023-01-16 01:00:00,0.0,0.0
2023-01-16 02:00:00,0.0,0.0
2023-01-16 03:00:00,0.0,0.0
2023-01-16 04:00:00,0.0,0.0
2023-01-16 05:00:00,0.0,0.0
2023-01-16 06:00:00,0.0,0.0
2023-01-16 07:00:00,0.0,0.0
2023-01-16 08:00:00,0.0335718449330113,0.0335718449330113
2023-01-16 09:00:00,0.14876509001224678,0.14876509001224678
2023-01-16 10:00:00,0.250356325508523,0.250356325508523
2023-01-16 11:00:00,0.31987597716938726,0.31987597716938726
2023-01-16 12:00:00,0.3507470264516892,0.3507470264516892
2023-01-16 13:00:00,0.34044128244597477,0.34044128244597477
2023-01-16 14:00:00,0.28978697035258544,0.28978697035258544
2023-01-16 15:00:00,0.20313206079903495,0.20313206079903495
2023-01-16 16:00:00,0.09052591065729163,0.09052591065729163
2023-01-16 17:00:00,0.0007975116702554806,0.0007975116702554806
2023-01-16 18:00:00,0.0,0.0
2023-01-16 19:00:00,0.0,0.0
2023-01-16 20:00:00,0.0,0.0
2023-01-16 21:00:00,0.0,0.0
2023-01-16 22:00:00,0.0,0.0
2023-01-16 23:00:00,0.0,0.0
2023-01-17 00:00:00,0.0,0.0
2023-01-17 01:00:00,0.0,0.0
2023-01-17 02:00:00,0.0,0.0
2023-01-17 03:00:00,0.0,0.0
2023-01-17 04:00:00,0.0,0.0
2023-01-17 05:00:00,0.0,0.0
2023-01-17 06:00:00,0.0,0.0
2023-01-17 07:00:00,0.0,0.0
2023-01-17 08:00:00,0.025221873487546738,0.025221873487546738
2023-01-17 09:00:00,0.11002153135364418,0.11002153135364418
2023-01-17 10:00:00,0.18471422368772605,0.18471422368772605
2023-01-17 11:00:00,0.2358817420018764,0.2358817420018764
2023-01-17 12:00:00,0.2587024375400301,0.2587024375400301
2023-01-17 13:00:00,0.2513116298601903,0.2513116298601903
2023-01-17 14:00:00,0.21430195496508753,0.21430195496508753
2023-01-17 15:00:00,0.15083685738579516,0.15083685738579516
2023-01-17 16:00:00,0.06818108494964562,0.06818108494964562
2023-01-17 17:00:00,0.0008266647684581555,0.0008266647684581555
2023-01-17 18:00:00,0.0,0.0
2023-01-17 19:00:00,0.0,0.0
2023-01-17 20:00:00,0.0,0.0
2023-01-17 21:00:00,0.0,0.0
2023-01-17 22:00:00,0.0,0.0
2023-01-17 23:00:00,0.0,0.0
2023-01-18 00:00:00,0.0,0.0
2023-01-18 01:00:00,0.0,0.0
2023-01-18 02:00:00,0.0,0.0
2023-01-18 03:00:00,0.0,0.0
2023-01-18 04:00:00,0.0,0.0
2023-01-18 05:00:00,0.0,0.0
2023-01-18 06:00:00,0.0,0.0
2023-01-18 07:00:00,0.0,0.0
2023-01-18 08:00:00,0.03529362642058435,0.03529362642058435
2023-01-18 09:00:00,0.15140906699213083,0.15140906699213083
2023-01-18 10:00:00,0.253544093390589,0.253544093390589
2023-01-18 11:00:00,0.3235811884680936,0.3235811884680936
2023-01-18 12:00:00,0.35494779391352294,0.35494779391352294
2023-01-18 13:00:00,0.3450868990963787,0.3450868990963787
2023-01-18 14:00:00,0.29478742180733913,0.29478742180733913
2023-01-18 15:00:00,0.20833078671175134,0.20833078671175134
2023-01-18 16:00:00,0.09548710216215525,0.09548710216215525
2023-01-18 17:00:00,0.001532021037454896,0.001532021037454896
2023-01-18 18:00:00,0.0,0.0
2023-01-18 19:00:00,0.0,0.0
2023-01-18 20:00:00,0.0,0.0
2023-01-18 21:00:00,0.0,0.0
2023-01-18 22:00:00,0.0,0.0
2023-01-18 23:00:00,0.0,0.0
2023-01-19 00:00:00,0.0,0.0
2023-01-19 01:00:00,0.0,0.0
2023-01-19 02:00:00,0.0,0.0
2023-01-19 03:00:00,0.0,0.0
2023-01-19 04:00:00,0.0,0.0
2023-01-19 05:00:00,0.0,0.0
2023-01-19 06:00:00,0.0,0.0
2023-01-19 07:00:00,0.0,0.0
2023-01-19 08:00:00,0.0035514067882850492,0.0035514067882850492
2023-01-19 09:00:00,0.014970176993689814,0.014970176993689814
2023-01-19 10:00:00,0.024999122516732853,0.024999122516732853
2023-01-19 11:00:00,0.031882765640075646,0.031882765640075646
2023-01-19 12:00:00,0.03497788487938447,0.03497788487938447
2023-01-19 13:00:00,0.03403276658055901,0.03403276658055901
2023-01-19 14:00:00,0.029122853128951565,0.029122853128951565
2023-01-19 15:00:00,0.020664329648481524,0.020664329648481524
2023-01-19 16:00:00,0.009601024100867883,0.009601024100867883
2023-01-19 17:00:00,0.00019766972297208073,0.00019766972297208073
2023-01-19 18:00:00,0.0,0.0
2023-01-19 19:00:00,0.0,0.0
2023-01-19 20:00:00,0.0,0.0
2023-01-19 21:00:00,0.0,0.0
2023-01-19 22:00:00,0.0,0.0
2023-01-19 23:00:00,0.0,0.0
2023-01-20 00:00:00,0.0,0.0
2023-01-20 01:00:00,0.0,0.0
2023-01-20 02:00:00,0.0,0.0
2023-01-20 03:00:00,0.0,0.0
2023-01-20 04:00:00,0.0,0.0
2023-01-20 05:00:00,0.0,0.0
2023-01-20 06:00:00,0.0,0.0
2023-01-20 07:00:00,0.0,0.0
2023-01-20 08:00:00,0.03959975288513794,0.03959975288513794
2023-01-20 09:00:00,0.16388561005859612,0.16388561005859612
2023-01-20 10:00:00,0.2728699059531798,0.2728699059531798
2023-01-20 11:00:00,0.34774016235174066,0.34774016235174066
2023-01-20 12:00:00,0.381531339228502,0.381531339228502
2023-01-20 13:00:00,0.3715020236707749,0.3715020236707749
2023-01-20 14:00:00,0.3184509660702105,0.3184509660702105
2023-01-20 15:00:00,0.22685638583181691,0.22685638583181691
2023-01-20 16:00:00,0.10681204922599184,0.10681204922599184
2023-01-20 17:00:00,0.0027518047240494828,0.0027518047240494828
2023-01-20 18:00:00,0.0,0.0
2023-01-20 19:00:00,0.0,0.0
2023-01-20 20:00:00,0.0,0.0
2023-01-20 21:00:00,0.0,0.0
2023-01-20 22:00:00,0.0,0.0
2023-01-20 23:00:00,0.0,0.0
2023-01-21 00:00:00,0.0,0.0
2023-01-21 01:00:00,0.0,0.0
2023-01-21 02:00:00,0.0,0.0
2023-01-21 03:00:00,0.0,0.0
2023-01-21 04:00:00,0.0,0.0
2023-01-21 05:00:00,0.0,0.0
2023-01-21 06:00:00,0.0,0.0
2023-01-21 07:00:00,0.0,0.0
2023-01-21 08:00:00,0.005429418047016471,0.005429418047016471
2023-01-21 09:00:00,0.02204497546992449,0.02204497546992449
2023-01-21 10:00:00,0.03659028630301235,0.03659028630301235
2023-01-21 11:00:00,0.04659082957097814,0.04659082957097814
2023-01-21 12:00:00,0.051120518465006766,0.051120518465006766
2023-01-21 13:00:00,0.04981277948582837,0.04981277948582837
2023-01-21 14:00:00,0.04277152572378583,0.04277152572378583
2023-01-21 15:00:00,0.03058869105207576,0.03058869105207576
2023-01-21 16:00:00,0.014590479938572584,0.014590479938572584
2023-01-21 17:00:00,0.0004604959437991487,0.0004604959437991487
2023-01-21 18:00:00,0.0,0.0
2023-01-21 19:00:00,0.0,0.0
2023-01-21 20:00:00,0.0,0.0
2023-01-21 21:00:00,0.0,0.0
2023-01-21 22:00:00,0.0,0.0
2023-01-21 23:00:00,0.0,0.0
2023-01-22 00:00:00,0.0,0.0
2023-01-22 01:00:00,0.0,0.0
2023-01-22 02:00:00,0.0,0.0
2023-01-22 03:00:00,0.0,0.0
2023-01-22 04:00:00,0.0,0.0
2023-01-22 05:00:00,0.0,0.0
2023-01-22 06:00:00,0.0,0.0
2023-01-22 07:00:00,0.0,0.0
2023-01-22 08:00:00,0.015077292781631132,0.015077292781631132
2023-01-22 09:00:00,0.060021772833752624,0.060021772833752624
2023-01-22 10:00:00,0.099296612693458,0.099296612693458
2023-01-22 11:00:00,0.12632021716891725,0.12632021716891725
2023-01-22 12:00:00,0.13860182345590952,0.13860182345590952
2023-01-22 13:00:00,0.13515002542166454,0.13515002542166454
2023-01-22 14:00:00,0.11623847899118665,0.11623847899118665
2023-01-22 15:00:00,0.08345053708622044,0.08345053708622044
2023-01-22 16:00:00,0.040312775931611436,0.040312775931611436
2023-01-22 17:00:00,0.0015304636356483065,0.0015304636356483065
2023-01-22 18:00:00,0.0,0.0
2023-01-22 19:00:00,0.0,0.0
2023-01-22 20:00:00,0.0,0.0
2023-01-22 21:00:00,0.0,0.0
2023-01-22 22:00:00,0.0,0.0
2023-01-22 23:00:00,0.0,0.0
2023-01-23 00:00:00,0.0,0.0
2023-01-23 01:00:00,0.0,0.0
2023-01-23 02:00:00,0.0,0.0
2023-01-23 03:00:00,0.0,0.0
2023-01-23 04:00:00,0.0,0.0
2023-01-23 05:00:00,0.0,0.0
2023-01-23 06:00:00,0.0,0.0
2023-01-23 07:00:00,0.0,0.0
2023-01-23 08:00:00,0.015857816822111348,0.015857816822111348
2023-01-23 09:00:00,0.061860521782409604,0.061860521782409604
2023-01-23 10:00:00,0.10198596980111925,0.10198596980111925
2023-01-23 11:00:00,0.12961402577321415,0.12961402577321415
2023-01-23 12:00:00,0.14221041876450857,0.14221041876450857
2023-01-23 13:00:00,0.13876093177716572,0.13876093177716572
2023-01-23 14:00:00,0.11953841676345128,0.11953841676345128
2023-01-23 15:00:00,0.08614577264070734,0.08614577264070734
2023-01-23 16:00:00,0.042132517167430404,0.042132517167430404
2023-01-23 17:00:00,0.0018936087078822233,0.0018936087078822233
2023-01-23 18:00:00,0.0,0.0
2023-01-23 19:00:00,0.0,0.0
2023-01-23 20:00:00,0.0,0.0
2023-01-23 21:00:00,0.0,0.0
2023-01-23 22:00:00,0.0,0.0
2023-01-23 23:00:00,0.0,0.0
2023-01-24 00:00:00,0.0,0.0
2023-01-24 01:00:00,0.0,0.0
2023-01-24 02:00:00,0.0,0.0
2023-01-24 03:00:00,0.0,0.0
2023-01-24 04:00:00,0.0,0.0
2023-01-24 05:00:00,0.0,0.0
2023-01-24 06:00:00,0.0,0.0
2023-01-24 07:00:00,0.0,0.0
2023-01-24 08:00:00,0.04006959810502527,0.04006959810502527
2023-01-24 09:00:00,0.1530944443247698,0.1530944443247698
2023-01-24 10:00:00,0.25149141061359237,0.25149141061359237
2023-01-24 11:00:00,0.31928479351446293,0.31928479351446293
2023-01-24 12:00:00,0.35028643081081906,0.35028643081081906
2023-01-24 13:00:00,0.34200663780152607,0.34200663780152607
2023-01-24 14:00:00,0.29509886046419687,0.29509886046419687
2023-01-24 15:00:00,0.21345898009474076,0.21345898009474076
2023-01-24 16:00:00,0.10566539549662947,0.10566539549662947
2023-01-24 17:00:00,0.0055434487742374765,0.0055434487742374765
2023-01-24 18:00:00,0.0,0.0
2023-01-24 19:00:00,0.0,0.0
2023-01-24 20:00:00,0.0,0.0
2023-01-24 21:00:00,0.0,0.0
2023-01-24 22:00:00,0.0,0.0
2023-01-24 23:00:00,0.0,0.0
2023-01-25 00:00:00,0.0,0.0
2023-01-25 01:00:00,0.0,0.0
2023-01-25 02:00:00,0.0,0.0
2023-01-25 03:00:00,0.0,0.0
2023-01-25 04:00:00,0.0,0.0
2023-01-25 05:00:00,0.0,0.0
2023-01-25 06:00:00,0.0,0.0
2023-01-25 07:00:00,0.0,0.0
2023-01-25 08:00:00,0.00473891185496088,0.00473891185496088
2023-01-25 09:00:00,0.017726381220216414,0.017726381220216414
2023-01-25 10:00:00,0.029010835609412446,0.029010835609412446
2023-01-25 11:00:00,0.03679004077815733,0.03679004077815733
2023-01-25 12:00:00,0.04035744376943997,0.04035744376943997
2023-01-25 13:00:00,0.03942730136630461,0.03942730136630461
2023-01-25 14:00:00,0.03407285613321513,0.03407285613321513
2023-01-25 15:00:00,0.024737065224515395,0.024737065224515395
2023-01-25 16:00:00,0.012389877962558433,0.012389877962558433
2023-01-25 17:00:00,0.000749286081219286,0.000749286081219286
2023-01-25 18:00:00,0.0,0.0
2023-01-25 19:00:00,0.0,0.0
2023-01-25 20:00:00,0.0,0.0
2023-01-25 21:00:00,0.0,0.0
2023-01-25 22:00:00,0.0,0.0
2023-01-25 23:00:00,0.0,0.0
2023-01-26 00:00:00,0.0,0.0
2023-01-26 01:00:00,0.0,0.0
2023-01-26 02:00:00,0.0,0.0
2023-01-26 03:00:00,0.0,0.0
2023-01-26 04:00:00,0.0,0.0
2023-01-26 05:00:00,0.0,0.0
2023-01-26 06:00:00,0.0,0.0
2023-01-26 07:00:00,0.0,0.0
2023-01-26 08:00:00,0.043653746706943435,0.043653746706943435
2023-01-26 09:00:00,0.15981410690322964,0.15981410690322964
2023-01-26 10:00:00,0.26054049783403455,0.26054049783403455
2023-01-26 11:00:00,0.33001433003746733,0.33001433003746733
2023-01-26 12:00:00,0.3619574107515173,0.3619574107515173
2023-01-26 13:00:00,0.35381788632629985,0.35381788632629985
2023-01-26 14:00:00,0.3062352630086884,0.3062352630086884
2023-01-26 15:00:00,0.22313061459492856,0.22313061459492856
2023-01-26 16:00:00,0.11304335900751021,0.11304335900751021
2023-01-26 17:00:00,0.007792784829381007,0.007792784829381007
2023-01-26 18:00:00,0.0,0.0
2023-01-26 19:00:00,0.0,0.0
2023-01-26 20:00:00,0.0,0.0
2023-01-26 21:00:00,0.0,0.0
2023-01-26 22:00:00,0.0,0.0
2023-01-26 23:00:00,0.0,0.0
2023-01-27 00:00:00,0.0,0.0
2023-01-27 01:00:00,0.0,0.0
2023-01-27 02:00:00,0.0,0.0
2023-01-27 03:00:00,0.0,0.0
2023-01-27 04:00:00,0.0,0.0
2023-01-27 05:00:00,0.0,0.0
2023-01-27 06:00:00,0.0,0.0
2023-01-27 07:00:00,0.0,0.0
2023-01-27 08:00:00,0.0528950500807755,0.0528950500807755
2023-01-27 09:00:00,0.18947295118985213,0.18947295118985213
2023-01-27 10:00:00,0.3076627530495386,0.3076627530495386
2023-01-27 11:00:00,0.3892187633937868,0.3892187633937868
2023-01-27 12:00:00,0.4268085621318075,0.4268085621318075
2023-01-27 13:00:00,0.41743714495073825,0.41743714495073825
2023-01-27 14:00:00,0.3618391811117366,0.3618391811117366
2023-01-27 15:00:00,0.264578709522872,0.264578709522872
2023-01-27 16:00:00,0.13554255890117675,0.13554255890117675
2023-01-27 17:00:00,0.010544325667715878,0.010544325667715878
2023-01-27 18:00:00,0.0,0.0
2023-01-27 19:00:00,0.0,0.0
2023-01-27 20:00:00,0.0,0.0
2023-01-27 21:00:00,0.0,0.0
2023-01-27 22:00:00,0.0,0.0
2023-01-27 23:00:00,0.0,0.0
2023-01-28 00:00:00,0.0,0.0
2023-01-28 01:00:00,0.0,0.0
2023-01-28 02:00:00,0.0,0.0
2023-01-28 03:00:00,0.0,0.0
2023-01-28 04:00:00,0.0,0.0
2023-01-28 05:00:00,0.0,0.0
2023-01-28 06:00:00,0.0,0.0
2023-01-28 07:00:00,0.0,0.0
2023-01-28 08:00:00,0.0396825042370582,0.0396825042370582
2023-01-28 09:00:00,0.1390549339554154,0.1390549339554154
2023-01-28 10:00:00,0.22487095964228485,0.22487095964228485
2023-01-28 11:00:00,0.28411128831339083,0.28411128831339083
2023-01-28 12:00:00,0.3114772597607886,0.3114772597607886
2023-01-28 13:00:00,0.30479426022145634,0.30479426022145634
2023-01-28 14:00:00,0.2645850580931589,0.2645850580931589
2023-01-28 15:00:00,0.1941379833058259,0.1941379833058259
2023-01-28 16:00:00,0.10053926414885327,0.10053926414885327
2023-01-28 17:00:00,0.008746488321767651,0.008746488321767651
2023-01-28 18:00:00,0.0,0.0
2023-01-28 19:00:00,0.0,0.0
2023-01-28 20:00:00,0.0,0.0
2023-01-28 21:00:00,0.0,0.0
2023-01-28 22:00:00,0.0,0.0
2023-01-28 23:00:00,0.0,0.0
2023-01-29 00:00:00,0.0,0.0
2023-01-29 01:00:00,0.0,0.0
2023-01-29 02:00:00,0.0,0.0
2023-01-29 03:00:00,0.0,0.0
2023-01-29 04:00:00,0.0,0.0
2023-01-29 05:00:00,0.0,0.0
2023-01-29 06:00:00,0.0,0.0
2023-01-29 07:00:00,0.0,0.0
2023-01-29 08:00:00,0.011989250460055004,0.011989250460055004
2023-01-29 09:00:00,0.04109411737298784,0.04109411737298784
2023-01-29 10:00:00,0.06617617723664455,0.06617617723664455
2023-01-29 11:00:00,0.0834966978492797,0.0834966978492797
2023-01-29 12:00:00,0.09151450715179892,0.09151450715179892
2023-01-29 13:00:00,0.08959417460088531,0.08959417460088531
2023-01-29 14:00:00,0.0778855917754031,0.0778855917754031
2023-01-29 15:00:00,0.05734274134942062,0.05734274134942062
2023-01-29 16:00:00,0.030010932498356936,0.030010932498356936
2023-01-29 17:00:00,0.0028958097051680616,0.0028958097051680616
2023-01-29 18:00:00,0.0,0.0
2023-01-29 19:00:00,0.0,0.0
2023-01-29 20:00:00,0.0,0.0
2023-01-29 21:00:00,0.0,0.0
2023-01-29 22:00:00,0.0,0.0
2023-01-29 23:00:00,0.0,0.0
2023-01-30 00:00:00,0.0,0.0
2023-01-30 01:00:00,0.0,0.0
2023-01-30 02:00:00,0.0,0.0
2023-01-30 03:00:00,0.0,0.0
2023-01-30 04:00:00,0.0,0.0
2023-01-30 05:00:00,0.0,0.0
2023-01-30 06:00:00,0.0,0.0
2023-01-30 07:00:00,0.0,0.0
2023-01-30 08:00:00,0.03632647126525355,0.03632647126525355
2023-01-30 09:00:00,0.12178203295234653,0.12178203295234653
2023-01-30 10:00:00,0.1952720669501442,0.1952720669501442
2023-01-30 11:00:00,0.24603549671673658,0.24603549671673658
2023-01-30 12:00:00,0.2695789547178454,0.2695789547178454
2023-01-30 13:00:00,0.264041541595391,0.264041541595391
2023-01-30 14:00:00,0.2298545610943263,0.2298545610943263
2023-01-30 15:00:00,0.16979331872650436,0.16979331872650436
2023-01-30 16:00:00,0.08977824763501213,0.08977824763501213
2023-01-30 17:00:00,0.00953730834643974,0.00953730834643974
2023-01-30 18:00:00,0.0,0.0
2023-01-30 19:00:00,0.0,0.0
2023-01-30 20:00:00,0.0,0.0
2023-01-30 21:00:00,0.0,0.0
2023-01-30 22:00:00,0.0,0.0
2023-01-30 23:00:00,0.0,0.0
2023-01-31 00:00:00,0.0,0.0
2023-01-31 01:00:00,0.0,0.0
2023-01-31 02:00:00,0.0,0.0
2023-01-31 03:00:00,0.0,0.0
2023-01-31 04:00:00,0.0,0.0
2023-01-31 05:00:00,0.0,0.0
2023-01-31 06:00:00,0.0,0.0
2023-01-31 07:00:00,0.0,0.0
2023-01-31 08:00:00,0.016152816862385844,0.016152816862385844
2023-01-31 09:00:00,0.05296364983555015,0.05296364983555015
2023-01-31 10:00:00,0.08455387645933155,0.08455387645933155
2023-01-31 11:00:00,0.10638000060152356,0.10638000060152356
2023-01-31 12:00:00,0.11652015961517129,0.11652015961517129
2023-01-31 13:00:00,0.1141750004653411,0.1141750004653411
2023-01-31 14:00:00,0.0995268025656953,0.0995268025656953
2023-01-31 15:00:00,0.07376045204769133,0.07376045204769133
2023-01-31 16:00:00,0.039391236666484086,0.039391236666484086
2023-01-31 17:00:00,0.004576004880825774,0.004576004880825774
2023-01-31 18:00:00,0.0,0.0
2023-01-31 19:00:00,0.0,0.0
2023-01-31 20:00:00,0.0,0.0
2023-01-31 21:00:00,0.0,0.0
2023-01-31 22:00:00,0.0,0.0
2023-01-31 23:00:00,0.0,0.0
2023-02-01 00:00:00,0.0,0.0
2023-02-01 01:00:00,0.0,0.0
2023-02-01 02:00:00,0.0,0.0
2023-02-01 03:00:00,0.0,0.0
2023-02-01 04:00:00,0.0,0.0
2023-02-01 05:00:00,0.0,0.0
2023-02-01 06:00:00,0.0,0.0
2023-02-01 07:00:00,0.0,0.0
2023-02-01 08:00:00,0.052198300112257894,0.052198300112257894
2023-02-01 09:00:00,0.1674079829061802,0.1674079829061802
2023-02-01 10:00:00,0.2660714221992281,0.2660714221992281
2023-02-01 11:00:00,0.3342516783837747,0.3342516783837747
2023-02-01 12:00:00,0.3659766451655707,0.3659766451655707
2023-02-01 13:00:00,0.3587520786486483,0.3587520786486483
2023-02-01 14:00:00,0.31313835586817096,0.31313835586817096
2023-02-01 15:00:00,0.23281218717608154,0.23281218717608154
2023-02-01 16:00:00,0.12554107908533527,0.12554107908533527
2023-02-01 17:00:00,0.01585027045475273,0.01585027045475273
2023-02-01 18:00:00,0.0,0.0
2023-02-01 19:00:00,0.0,0.0
2023-02-01 20:00:00,0.0,0.0
2023-02-01 21:00:00,0.0,0.0
2023-02-01 22:00:00,0.0,0.0
2023-02-01 23:00:00,0.0,0.0
2023-02-02 00:00:00,0.0,0.0
2023-02-02 01:00:00,0.0,0.0
2023-02-02 02:00:00,0.0,0.0
2023-02-02 03:00:00,0.0,0.0
2023-02-02 04:00:00,0.0,0.0
2023-02-02 05:00:00,0.0,0.0
2023-02-02 06:00:00,0.0,0.0
2023-02-02 07:00:00,0.0,0.0
2023-02-02 08:00:00,0.05379509450793572,0.05379509450793572
2023-02-02 09:00:00,0.16876973534400835,0.16876973534400835
2023-02-02 10:00:00,0.26702666040865203,0.26702666040865203
2023-02-02 11:00:00,0.3349347790886487,0.3349347790886487
2023-02-02 12:00:00,0.36657688809689803,0.36657688809689803
2023-02-02 13:00:00,0.35947184734438464,0.35947184734438464
2023-02-02 14:00:00,0.31416964479639137,0.31416964479639137
2023-02-02 15:00:00,0.23430929967971323,0.23430929967971323
2023-02-02 16:00:00,0.12754253047498953,0.12754253047498953
2023-02-02 17:00:00,0.01740352025837885,0.01740352025837885
2023-02-02 18:00:00,0.0,0.0
2023-02-02 19:00:00,0.0,0.0
2023-02-02 20:00:00,0.0,0.0
2023-02-02 21:00:00,0.0,0.0
2023-02-02 22:00:00,0.0,0.0
2023-02-02 23:00:00,0.0,0.0
2023-02-03 00:00:00,0.0,0.0
2023-02-03 01:00:00,0.0,0.0
2023-02-03 02:00:00,0.0,0.0
2023-02-03 03:00:00,0.0,0.0
2023-02-03 04:00:00,0.0,0.0
2023-02-03 05:00:00,0.0,0.0
2023-02-03 06:00:00,0.0,0.0
2023-02-03 07:00:00,0.0,0.0
2023-02-03 08:00:00,0.06369424672149722,0.06369424672149722
2023-02-03 09:00:00,0.19549947344888616,0.19549947344888616
2023-02-03 10:00:00,0.30790649651069124,0.30790649651069124
2023-02-03 11:00:00,0.38560028558665793,0.38560028558665793
2023-02-03 12:00:00,0.42184621070878153,0.42184621070878153
2023-02-03 13:00:00,0.4138096253487731,0.4138096253487731
2023-02-03 14:00:00,0.3621113865192239,0.3621113865192239
2023-02-03 15:00:00,0.270890270817356,0.270890270817356
2023-02-03 16:00:00,0.1488086888909617,0.1488086888909617
2023-02-03 17:00:00,0.02183331544717148,0.02183331544717148
2023-02-03 18:00:00,0.0,0.0
2023-02-03 19:00:00,0.0,0.0
2023-02-03 20:00:00,0.0,0.0
2023-02-03 21:00:00,0.0,0.0
2023-02-03 22:00:00,0.0,0.0
2023-02-03 23:00:00,0.0,0.0
2023-02-04 00:00:00,0.0,0.0
2023-02-04 01:00:00,0.0,0.0
2023-02-04 02:00:00,0.0,0.0
2023-02-04 03:00:00,0.0,0.0
2023-02-04 04:00:00,0.0,0.0
2023-02-04 05:00:00,0.0,0.0
2023-02-04 06:00:00,0.0,0.0
2023-02-04 07:00:00,0.0,0.0
2023-02-04 08:00:00,0.05803098937129258,0.05803098937129258
2023-02-04 09:00:00,0.17429215886658814,0.17429215886658814
2023-02-04 10:00:00,0.2732392467512976,0.2732392467512976
2023-02-04 11:00:00,0.3416318109387702,0.3416318109387702
2023-02-04 12:00:00,0.37357219428900257,0.37357219428900257
2023-02-04 13:00:00,0.36656901188582436,0.36656901188582436
2023-02-04 14:00:00,0.3211622274630795,0.3211622274630795
2023-02-04 15:00:00,0.24097492639869875,0.24097492639869875
2023-02-04 16:00:00,0.13355586886983492,0.13355586886983492
2023-02-04 17:00:00,0.02097156516561165,0.02097156516561165
2023-02-04 18:00:00,0.0,0.0
2023-02-04 19:00:00,0.0,0.0
2023-02-04 20:00:00,0.0,0.0
2023-02-04 21:00:00,0.0,0.0
2023-02-04 22:00:00,0.0,0.0
2023-02-04 23:00:00,0.0,0.0
2023-02-05 00:00:00,0.0,0.0
2023-02-05 01:00:00,0.0,0.0
2023-02-05 02:00:00,0.0,0.0
2023-02-05 03:00:00,0.0,0.0
2023-02-05 04:00:00,0.0,0.0
2023-02-05 05:00:00,0.0,0.0
2023-02-05 06:00:00,0.0,0.0
2023-02-05 07:00:00,0.0,0.0
2023-02-05 08:00:00,0.06164134019855787,0.06164134019855787
2023-02-05 09:00:00,0.1811995859966502,0.1811995859966502
2023-02-05 10:00:00,0.28274606675486763,0.28274606675486763
2023-02-05 11:00:00,0.35293408072851906,0.35293408072851906
2023-02-05 12:00:00,0.3857423193303036,0.3857423193303036
2023-02-05 13:00:00,0.37861835736715027,0.37861835736715027
2023-02-05 14:00:00,0.3321104160509829,0.3321104160509829
2023-02-05 15:00:00,0.24991743394284666,0.24991743394284666
2023-02-05 16:00:00,0.13971198267013862,0.13971198267013862
2023-02-05 17:00:00,0.023378416959982867,0.023378416959982867
2023-02-05 18:00:00,0.0,0.0
2023-02-05 19:00:00,0.0,0.0
2023-02-05 20:00:00,0.0,0.0
2023-02-05 21:00:00,0.0,0.0
2023-02-05 22:00:00,0.0,0.0
2023-02-05 23:00:00,0.0,0.0
2023-02-06 00:00:00,0.0,0.0
2023-02-06 01:00:00,0.0,0.0
2023-02-06 02:00:00,0.0,0.0
2023-02-06 03:00:00,0.0,0.0
2023-02-06 04:00:00,0.0,0.0
2023-02-06 05:00:00,0.0,0.0
2023-02-06 06:00:00,0.0,0.0
2023-02-06 07:00:00,0.0,0.0
2023-02-06 08:00:00,0.048879953722267826,0.048879953722267826
2023-02-06 09:00:00,0.14066691234985976,0.14066691234985976
2023-02-06 10:00:00,0.21846954269117758,0.21846954269117758
2023-02-06 11:00:00,0.2722425412577985,0.2722425412577985
2023-02-06 12:00:00,0.29739639212036356,0.29739639212036356
2023-02-06 13:00:00,0.2919792131174332,0.2919792131174332
2023-02-06 14:00:00,0.2564070955509376,0.2564070955509376
2023-02-06 15:00:00,0.19350025701114898,0.19350025701114898
2023-02-06 16:00:00,0.10908305587349856,0.10908305587349856
2023-02-06 17:00:00,0.019375036305514282,0.019375036305514282
2023-02-06 18:00:00,0.0,0.0
2023-02-06 19:00:00,0.0,0.0
2023-02-06 20:00:00,0.0,0.0
2023-02-06 21:00:00,0.0,0.0
2023-02-06 22:00:00,0.0,0.0
2023-02-06 23:00:00,0.0,0.0
2023-02-07 00:00:00,0.0,0.0
2023-02-07 01:00:00,0.0,0.0
2023-02-07 02:00:00,0.0,0.0
2023-02-07 03:00:00,0.0,0.0
2023-02-07 04:00:00,0.0,0.0
2023-02-07 05:00:00,0.0,0.0
2023-02-07 06:00:00,0.0,0.0
2023-02-07 07:00:00,0.0,0.0
2023-02-07 08:00:00,0.05950694086941762,0.05950694086941762
2023-02-07 09:00:00,0.16769726486307604,0.16769726486307604
2023-02-07 10:00:00,0.2592227093473683,0.2592227093473683
2023-02-07 11:00:00,0.32247320014606284,0.32247320014606284
2023-02-07 12:00:00,0.3520776566670861,0.3520776566670861
2023-02-07 13:00:00,0.34574470527814205,0.34574470527814205
2023-02-07 14:00:00,0.3039598792319708,0.3039598792319708
2023-02-07 15:00:00,0.23002569616993032,0.23002569616993032
2023-02-07 16:00:00,0.13073333996479175,0.13073333996479175
2023-02-07 17:00:00,0.024558607462154228,0.024558607462154228
2023-02-07 18:00:00,0.0,0.0
2023-02-07 19:00:00,0.0,0.0
2023-02-07 20:00:00,0.0,0.0
2023-02-07 21:00:00,0.0,0.0
2023-02-07 22:00:00,0.0,0.0
2023-02-07 23:00:00,0.0,0.0
2023-02-08 00:00:00,0.0,0.0
2023-02-08 01:00:00,0.0,0.0
2023-02-08 02:00:00,0.0,0.0
2023-02-08 03:00:00,0.0,0.0
2023-02-08 04:00:00,0.0,0.0
2023-02-08 05:00:00,0.0,0.0
2023-02-08 06:00:00,0.0,0.0
2023-02-08 07:00:00,0.0,0.0
2023-02-08 08:00:00,0.05695354036670044,0.05695354036670044
2023-02-08 09:00:00,0.15722015033939077,0.15722015033939077
2023-02-08 10:00:00,0.24187718725945567,0.24187718725945567
2023-02-08 11:00:00,0.3003720675103406,0.3003720675103406
2023-02-08 12:00:00,0.32776243508512864,0.32776243508512864
2023-02-08 13:00:00,0.32193364200804014,0.32193364200804014
2023-02-08 14:00:00,0.2833317602806485,0.2833317602806485
2023-02-08 15:00:00,0.21499851095342598,0.21499851095342598
2023-02-08 16:00:00,0.12316243358183522,0.12316243358183522
2023-02-08 17:00:00,0.02438827261503401,0.02438827261503401
2023-02-08 18:00:00,0.0,0.0
2023-02-08 19:00:00,0.0,0.0
2023-02-08 20:00:00,0.0,0.0
2023-02-08 21:00:00,0.0,0.0
2023-02-08 22:00:00,0.0,0.0
2023-02-08 23:00:00,0.0,0.0
2023-02-09 00:00:00,0.0,0.0
2023-02-09 01:00:00,0.0,0.0
2023-02-09 02:00:00,0.0,0.0
2023-02-09 03:00:00,0.0,0.0
2023-02-09 04:00:00,0.0,0.0
2023-02-09 05:00:00,0.0,0.0
2023-02-09 06:00:00,0.0,0.0
2023-02-09 07:00:00,0.0,0.0
2023-02-09 08:00:00,0.03956216464405334,0.03956216464405334
2023-02-09 09:00:00,0.1070133403464032,0.1070133403464032
2023-02-09 10:00:00,0.16385458309436246,0.16385458309436246
2023-02-09 11:00:00,0.2031219906314969,0.2031219906314969
2023-02-09 12:00:00,0.22151420495335655,0.22151420495335655
2023-02-09 13:00:00,0.21761481844803365,0.21761481844803365
2023-02-09 14:00:00,0.19172171850407663,0.19172171850407663
2023-02-09 15:00:00,0.1458691813247958,0.1458691813247958
2023-02-09 16:00:00,0.08420553708605721,0.08420553708605721
2023-02-09 17:00:00,0.0175224609673642,0.0175224609673642
2023-02-09 18:00:00,0.0,0.0
2023-02-09 19:00:00,0.0,0.0
2023-02-09 20:00:00,0.0,0.0
2023-02-09 21:00:00,0.0,0.0
2023-02-09 22:00:00,0.0,0.0
2023-02-09 23:00:00,0.0,0.0
2023-02-10 00:00:00,0.0,0.0
2023-02-10 01:00:00,0.0,0.0
2023-02-10 02:00:00,0.0,0.0
2023-02-10 03:00:00,0.0,0.0
2023-02-10 04:00:00,0.0,0.0
2023-02-10 05:00:00,0.0,0.0
2023-02-10 06:00:00,0.0,0.0
2023-02-10 07:00:00,0.0,0.0
2023-02-10 08:00:00,0.06389239263250031,0.06389239263250031
2023-02-10 09:00:00,0.16940516163451813,0.16940516163451813
2023-02-10 10:00:00,0.25815365972277704,0.25815365972277704
2023-02-10 11:00:00,0.3194486729756192,0.3194486729756192
2023-02-10 12:00:00,0.34816208442003943,0.34816208442003943
2023-02-10 13:00:00,0.3420880923112243,0.3420880923112243
2023-02-10 14:00:00,0.30168990392962075,0.30168990392962075
2023-02-10 15:00:00,0.23013222372744602,0.23013222372744602
2023-02-10 16:00:00,0.13384224910774647,0.13384224910774647
2023-02-10 17:00:00,0.0291855595385087,0.0291855595385087
2023-02-10 18:00:00,0.0,0.0
2023-02-10 19:00:00,0.0,0.0
2023-02-10 20:00:00,0.0,0.0
2023-02-10 21:00:00,0.0,0.0
2023-02-10 22:00:00,0.0,0.0
2023-02-10 23:00:00,0.0,0.0
2023-02-11 00:00:00,0.0,0.0
2023-02-11 01:00:00,0.0,0.0
2023-02-11 02:00:00,0.0,0.0
2023-02-11 03:00:00,0.0,0.0
2023-02-11 04:00:00,0.0,0.0
2023-02-11 05:00:00,0.0,0.0
2023-02-11 06:00:00,0.0,0.0
2023-02-11 07:00:00,0.0,0.0
2023-02-11 08:00:00,0.06824590192704082,0.06824590192704082
2023-02-11 09:00:00,0.17743102741483952,0.17743102741483952
2023-02-11 10:00:00,0.26909877016659484,0.26909877016659484
2023-02-11 11:00:00,0.3323921331068422,0.3323921331068422
2023-02-11 12:00:00,0.3620413225099624,0.3620413225099624
2023-02-11 13:00:00,0.35577419286602496,0.35577419286602496
2023-02-11 14:00:00,0.3140678675684843,0.3140678675684843
2023-02-11 15:00:00,0.24018032958624727,0.24018032958624727
2023-02-11 16:00:00,0.1407016397298857,0.1407016397298857
2023-02-11 17:00:00,0.0320668151240781,0.0320668151240781
2023-02-11 18:00:00,0.0,0.0
2023-02-11 19:00:00,0.0,0.0
2023-02-11 20:00:00,0.0,0.0
2023-02-11 21:00:00,0.0,0.0
2023-02-11 22:00:00,0.0,0.0
2023-02-11 23:00:00,0.0,0.0
2023-02-12 00:00:00,0.0,0.0
2023-02-12 01:00:00,0.0,0.0
2023-02-12 02:00:00,0.0,0.0
2023-02-12 03:00:00,0.0,0.0
2023-02-12 04:00:00,0.0,0.0
2023-02-12 05:00:00,0.0,0.0
2023-02-12 06:00:00,0.0,0.0
2023-02-12 07:00:00,0.0,0.0
2023-02-12 08:00:00,0.013159878563355343,0.013159878563355343
2023-02-12 09:00:00,0.03356152935231475,0.03356152935231475
2023-02-12 10:00:00,0.050658960964708025,0.050658960964708025
2023-02-12 11:00:00,0.06246033219099755,0.06246033219099755
2023-02-12 12:00:00,0.06798772432357258,0.06798772432357258
2023-02-12 13:00:00,0.06681856597413453,0.06681856597413453
2023-02-12 14:00:00,0.059041718206883434,0.059041718206883434
2023-02-12 15:00:00,0.045263018386193524,0.045263018386193524
2023-02-12 16:00:00,0.026703069493481994,0.026703069493481994
2023-02-12 17:00:00,0.006345202544358264,0.006345202544358264
2023-02-12 18:00:00,0.0,0.0
2023-02-12 19:00:00,0.0,0.0
2023-02-12 20:00:00,0.0,0.0
2023-02-12 21:00:00,0.0,0.0
2023-02-12 22:00:00,0.0,0.0
2023-02-12 23:00:00,0.0,0.0
2023-02-13 00:00:00,0.0,0.0
2023-02-13 01:00:00,0.0,0.0
2023-02-13 02:00:00,0.0,0.0
2023-02-13 03:00:00,0.0,0.0
2023-02-13 04:00:00,0.0,0.0
2023-02-13 05:00:00,0.0,0.0
2023-02-13 06:00:00,0.0,0.0
2023-02-13 07:00:00,0.0,0.0
2023-02-13 08:00:00,0.07701528004015093,0.07701528004015093
2023-02-13 09:00:00,0.19273889954628415,0.19273889954628415
2023-02-13 10:00:00,0.2895478912403048,0.2895478912403048
2023-02-13 11:00:00,0.356345376210299,0.356345376210299
2023-02-13 12:00:00,0.38762202053210504,0.38762202053210504
2023-02-13 13:00:00,0.3809923653885375,0.3809923653885375
2023-02-13 14:00:00,0.3369594712224487,0.3369594712224487
2023-02-13 15:00:00,0.25894443143999296,0.25894443143999296
2023-02-13 16:00:00,0.15381295380248455,0.15381295380248455
2023-02-13 17:00:00,0.03802131057739232,0.03802131057739232
2023-02-13 18:00:00,0.0,0.0
2023-02-13 19:00:00,0.0,0.0
2023-02-13 20:00:00,0.0,0.0
2023-02-13 21:00:00,0.0,0.0
2023-02-13 22:00:00,0.0,0.0
2023-02-13 23:00:00,0.0,0.0
2023-02-14 00:00:00,0.0,0.0
2023-02-14 01:00:00,0.0,0.0
2023-02-14 02:00:00,0.0,0.0
2023-02-14 03:00:00,0.0,0.0
2023-02-14 04:00:00,0.0,0.0
2023-02-14 05:00:00,0.0,0.0
2023-02-14 06:00:00,0.0,0.0
2023-02-14 07:00:00,0.0,0.0
2023-02-14 08:00:00,0.06956483283226385,0.06956483283226385
2023-02-14 09:00:00,0.17090467374255297,0.17090467374255297
2023-02-14 10:00:00,0.25553337837694523,0.25553337837694523
2023-02-14 11:00:00,0.31390317016142255,0.31390317016142255
2023-02-14 12:00:00,0.3412218905079249,0.3412218905079249
2023-02-14 13:00:00,0.3354107998189143,0.3354107998189143
2023-02-14 14:00:00,0.2969101411305066,0.2969101411305066
2023-02-14 15:00:00,0.2287033760562485,0.2287033760562485
2023-02-14 16:00:00,0.13675489112387676,0.13675489112387676
2023-02-14 17:00:00,0.0350928462493446,0.0350928462493446
2023-02-14 18:00:00,0.0,0.0
2023-02-14 19:00:00,0.0,0.0
2023-02-14 20:00:00,0.0,0.0
2023-02-14 21:00:00,0.0,0.0
2023-02-14 22:00:00,0.0,0.0
2023-02-14 23:00:00,0.0,0.0
2023-02-15 00:00:00,0.0,0.0
2023-02-15 01:00:00,0.0,0.0
2023-02-15 02:00:00,0.0,0.0
2023-02-15 03:00:00,0.0,0.0
2023-02-15 04:00:00,0.0,0.0
2023-02-15 05:00:00,0.0,0.0
2023-02-15 06:00:00,0.0,0.0
2023-02-15 07:00:00,6.456225718412007e-05,6.456225718412007e-05
2023-02-15 08:00:00,0.07418823068067594,0.07418823068067594
2023-02-15 09:00:00,0.1790538272613973,0.1790538272613973
2023-02-15 10:00:00,0.26648492089870207,0.26648492089870207
2023-02-15 11:00:00,0.32676251888571567,0.32676251888571567
2023-02-15 12:00:00,0.35495832541147654,0.35495832541147654
2023-02-15 13:00:00,0.3489312740678571,0.3489312740678571
2023-02-15 14:00:00,0.3091373492032553,0.3091373492032553
2023-02-15 15:00:00,0.2386531868922459,0.2386531868922459
2023-02-15 16:00:00,0.1436071875562126,0.1436071875562126
2023-02-15 17:00:00,0.038158616885277344,0.038158616885277344
2023-02-15 18:00:00,0.0,0.0
2023-02-15 19:00:00,0.0,0.0
2023-02-15 20:00:00,0.0,0.0
2023-02-15 21:00:00,0.0,0.0
2023-02-15 22:00:00,0.0,0.0
2023-02-15 23:00:00,0.0,0.0
2023-02-16 00:00:00,0.0,0.0
2023-02-16 01:00:00,0.0,0.0
2023-02-16 02:00:00,0.0,0.0
2023-02-16 03:00:00,0.0,0.0
2023-02-16 04:00:00,0.0,0.0
2023-02-16 05:00:00,0.0,0.0
2023-02-16 06:00:00,0.0,0.0
2023-02-16 07:00:00,6.267210206447185e-05,6.267210206447185e-05
2023-02-16 08:00:00,0.026715367917612115,0.026715367917612115
2023-02-16 09:00:00,0.06336627082364359,0.06336627082364359
2023-02-16 10:00:00,0.09387511955987221,0.09387511955987221
2023-02-16 11:00:00,0.114899284398616,0.114899284398616
2023-02-16 12:00:00,0.12472682564465144,0.12472682564465144
2023-02-16 13:00:00,0.12261299508691716,0.12261299508691716
2023-02-16 14:00:00,0.10871750412221656,0.10871750412221656
2023-02-16 15:00:00,0.08411227844773637,0.08411227844773637
2023-02-16 16:00:00,0.05092485950521825,0.05092485950521825
2023-02-16 17:00:00,0.013986822391451804,0.013986822391451804
2023-02-16 18:00:00,0.0,0.0
2023-02-16 19:00:00,0.0,0.0
2023-02-16 20:00:00,0.0,0.0
2023-02-16 21:00:00,0.0,0.0
2023-02-16 22:00:00,0.0,0.0
2023-02-16 23:00:00,0.0,0.0
2023-02-17 00:00:00,0.0,0.0
2023-02-17 01:00:00,0.0,0.0
2023-02-17 02:00:00,0.0,0.0
2023-02-17 03:00:00,0.0,0.0
2023-02-17 04:00:00,0.0,0.0
2023-02-17 05:00:00,0.0,0.0
2023-02-17 06:00:00,0.0,0.0
2023-02-17 07:00:00,4.865621180288728e-05,4.865621180288728e-05
2023-02-17 08:00:00,0.010989884265934904,0.010989884265934904
2023-02-17 09:00:00,0.025627353443643978,0.025627353443643978
2023-02-17 10:00:00,0.03779280161607738,0.03779280161607738
2023-02-17 11:00:00,0.046172098063782384,0.046172098063782384
2023-02-17 12:00:00,0.0500856663550194,0.0500856663550194
2023-02-17 13:00:00,0.04923752127300704,0.04923752127300704
2023-02-17 14:00:00,0.04369166087277607,0.04369166087277607
2023-02-17 15:00:00,0.033874974481349324,0.033874974481349324
2023-02-17 16:00:00,0.020631742268863044,0.020631742268863044
2023-02-17 17:00:00,0.005847641147743646,0.005847641147743646
2023-02-17 18:00:00,0.0,0.0
2023-02-17 19:00:00,0.0,0.0
2023-02-17 20:00:00,0.0,0.0
2023-02-17 21:00:00,0.0,0.0
2023-02-17 22:00:00,0.0,0.0
2023-02-17 23:00:00,0.0,0.0
2023-02-18 00:00:00,0.0,0.0
2023-02-18 01:00:00,0.0,0.0
2023-02-18 02:00:00,0.0,0.0
2023-02-18 03:00:00,0.0,0.0
2023-02-18 04:00:00,0.0,0.0
2023-02-18 05:00:00,0.0,0.0
2023-02-18 06:00:00,0.0,0.0
2023-02-18 07:00:00,0.0005847274583636905,0.0005847274583636905
2023-02-18 08:00:00,0.08099168743772803,0.08099168743772803
2023-02-18 09:00:00,0.1857507371926588,0.1857507371926588
2023-02-18 10:00:00,0.272684231439363,0.272684231439363
2023-02-18 11:00:00,0.33253048025554566,0.33253048025554566
2023-02-18 12:00:00,0.3604548697022141,0.3604548697022141
2023-02-18 13:00:00,0.3543496104188605,0.3543496104188605
2023-02-18 14:00:00,0.31467479109191004,0.31467479109191004
2023-02-18 15:00:00,0.2444778911838325,0.2444778911838325
2023-02-18 16:00:00,0.1497649007487136,0.1497649007487136
2023-02-18 17:00:00,0.043736073070809595,0.043736073070809595
2023-02-18 18:00:00,0.0,0.0
2023-02-18 19:00:00,0.0,0.0
2023-02-18 20:00:00,0.0,0.0
2023-02-18 21:00:00,0.0,0.0
2023-02-18 22:00:00,0.0,0.0
2023-02-18 23:00:00,0.0,0.0
2023-02-19 00:00:00,0.0,0.0
2023-02-19 01:00:00,0.0,0.0
2023-02-19 02:00:00,0.0,0.0
2023-02-19 03:00:00,0.0,0.0
2023-02-19 04:00:00,0.0,0.0
2023-02-19 05:00:00,0.0,0.0
2023-02-19 06:00:00,0.0,0.0
2023-02-19 07:00:00,0.0010626949059526966,0.0010626949059526966
2023-02-19 08:00:00,0.09828790399334314,0.09828790399334314
2023-02-19 09:00:00,0.22178663094344636,0.22178663094344636
2023-02-19 10:00:00,0.3241168085761888,0.3241168085761888
2023-02-19 11:00:00,0.39452252926977344,0.39452252926977344
2023-02-19 12:00:00,0.42733799957281937,0.42733799957281937
2023-02-19 13:00:00,0.4200910241478651,0.4200910241478651
2023-02-19 14:00:00,0.3733270401371521,0.3733270401371521
2023-02-19 15:00:00,0.290630645049604,0.290630645049604
2023-02-19 16:00:00,0.17904180155927799,0.17904180155927799
2023-02-19 17:00:00,0.05379492184457725,0.05379492184457725
2023-02-19 18:00:00,0.0,0.0
2023-02-19 19:00:00,0.0,0.0
2023-02-19 20:00:00,0.0,0.0
2023-02-19 21:00:00,0.0,0.0
2023-02-19 22:00:00,0.0,0.0
2023-02-19 23:00:00,0.0,0.0
2023-02-20 00:00:00,0.0,0.0
2023-02-20 01:00:00,0.0,0.0
2023-02-20 02:00:00,0.0,0.0
2023-02-20 03:00:00,0.0,0.0
2023-02-20 04:00:00,0.0,0.0
2023-02-20 05:00:00,0.0,0.0
2023-02-20 06:00:00,0.0,0.0
2023-02-20 07:00:00,0.0010357060492657635,0.0010357060492657635
2023-02-20 08:00:00,0.06781799246204778,0.06781799246204778
2023-02-20 09:00:00,0.15062273441808893,0.15062273441808893
2023-02-20 10:00:00,0.21913273422839852,0.21913273422839852
2023-02-20 11:00:00,0.266240975210881,0.266240975210881
2023-02-20 12:00:00,0.28817076162654964,0.28817076162654964
2023-02-20 13:00:00,0.28327312011817357,0.28327312011817357
2023-02-20 14:00:00,0.25191620916009266,0.25191620916009266
2023-02-20 15:00:00,0.1964987982441467,0.1964987982441467
2023-02-20 16:00:00,0.12171568935744094,0.12171568935744094
2023-02-20 17:00:00,0.037575279124914304,0.037575279124914304
2023-02-20 18:00:00,0.0,0.0
2023-02-20 19:00:00,0.0,0.0
2023-02-20 20:00:00,0.0,0.0
2023-02-20 21:00:00,0.0,0.0
2023-02-20 22:00:00,0.0,0.0
2023-02-20 23:00:00,0.0,0.0
2023-02-21 00:00:00,0.0,0.0
2023-02-21 01:00:00,0.0,0.0
2023-02-21 02:00:00,0.0,0.0
2023-02-21 03:00:00,0.0,0.0
2023-02-21 04:00:00,0.0,0.0
2023-02-21 05:00:00,0.0,0.0
2023-02-21 06:00:00,0.0,0.0
2023-02-21 07:00:00,0.0017537304892765954,0.0017537304892765954
2023-02-21 08:00:00,0.084969042805874,0.084969042805874
2023-02-21 09:00:00,0.18581496632883146,0.18581496632883146
2023-02-21 10:00:00,0.2691305204407503,0.2691305204407503
2023-02-21 11:00:00,0.326382723115662,0.326382723115662
2023-02-21 12:00:00,0.3529985398264384,0.3529985398264384
2023-02-21 13:00:00,0.34698036947814104,0.34698036947814104
2023-02-21 14:00:00,0.3087800485980764,0.3087800485980764
2023-02-21 15:00:00,0.24131414131275464,0.24131414131275464
2023-02-21 16:00:00,0.15027131979846883,0.15027131979846883
2023-02-21 17:00:00,0.04760459780572619,0.04760459780572619
2023-02-21 18:00:00,0.0,0.0
2023-02-21 19:00:00,0.0,0.0
2023-02-21 20:00:00,0.0,0.0
2023-02-21 21:00:00,0.0,0.0
2023-02-21 22:00:00,0.0,0.0
2023-02-21 23:00:00,0.0,0.0
2023-02-22 00:00:00,0.0,0.0
2023-02-22 01:00:00,0.0,0.0
2023-02-22 02:00:00,0.0,0.0
2023-02-22 03:00:00,0.0,0.0
2023-02-22 04:00:00,0.0,0.0
2023-02-22 05:00:00,0.0,0.0
2023-02-22 06:00:00,0.0,0.0
2023-02-22 07:00:00,0.000954168544962862,0.000954168544962862
2023-02-22 08:00:00,0.035433365614847695,0.035433365614847695
2023-02-22 09:00:00,0.07632545405132839,0.07632545405132839
2023-02-22 10:00:00,0.11006094888671826,0.11006094888671826
2023-02-22 11:00:00,0.133227484934047,0.133227484934047
2023-02-22 12:00:00,0.1439812964752836,0.1439812964752836
2023-02-22 13:00:00,0.14151675297512048,0.14151675297512048
2023-02-22 14:00:00,0.12601866692118327,0.12601866692118327
2023-02-22 15:00:00,0.0986680505793553,0.0986680505793553
2023-02-22 16:00:00,0.061760605456719596,0.061760605456719596
2023-02-22 17:00:00,0.02005320556043345,0.02005320556043345
2023-02-22 18:00:00,0.0,0.0
2023-02-22 19:00:00,0.0,0.0
2023-02-22 20:00:00,0.0,0.0
2023-02-22 21:00:00,0.0,0.0
2023-02-22 22:00:00,0.0,0.0
2023-02-22 23:00:00,0.0,0.0
2023-02-23 00:00:00,0.0,0.0
2023-02-23 01:00:00,0.0,0.0
2023-02-23 02:00:00,0.0,0.0
2023-02-23 03:00:00,0.0,0.0
2023-02-23 04:00:00,0.0,0.0
2023-02-23 05:00:00,0.0,0.0
2023-02-23 06:00:00,0.0,0.0
2023-02-23 07:00:00,0.0028680427773980686,0.0028680427773980686
2023-02-23 08:00:00,0.08404430971740187,0.08404430971740187
2023-02-23 09:00:00,0.1783870501735343,0.1783870501735343
2023-02-23 10:00:00,0.2561095935499511,0.2561095935499511
2023-02-23 11:00:00,0.30944478728928504,0.30944478728928504
2023-02-23 12:00:00,0.33416276859419697,0.33416276859419697
2023-02-23 13:00:00,0.32841509503779953,0.32841509503779953
2023-02-23 14:00:00,0.2926322670280456,0.2926322670280456
2023-02-23 15:00:00,0.22953601406312818,0.22953601406312818
2023-02-23 16:00:00,0.14439909537336398,0.14439909537336398
2023-02-23 17:00:00,0.048000976395895886,0.048000976395895886
2023-02-23 18:00:00,0.0,0.0
2023-02-23 19:00:00,0.0,0.0
2023-02-23 20:00:00,0.0,0.0
2023-02-23 21:00:00,0.0,0.0
2023-02-23 22:00:00,0.0,0.0
2023-02-23 23:00:00,0.0,0.0
2023-02-24 00:00:00,0.0,0.0
2023-02-24 01:00:00,0.0,0.0
2023-02-24 02:00:00,0.0,0.0
2023-02-24 03:00:00,0.0,0.0
2023-02-24 04:00:00,0.0,0.0
2023-02-24 05:00:00,0.0,0.0
2023-02-24 06:00:00,0.0,0.0
2023-02-24 07:00:00,0.003825636594209144,0.003825636594209144
2023-02-24 08:00:00,0.09066793465727327,0.09066793465727327
2023-02-24 09:00:00,0.18969935957664885,0.18969935957664885
2023-02-24 10:00:00,0.2711721397156999,0.2711721397156999
2023-02-24 11:00:00,0.32703941422810234,0.32703941422810234
2023-02-24 12:00:00,0.35288575097150404,0.35288575097150404
2023-02-24 13:00:00,0.34678173191250766,0.34678173191250766
2023-02-24 14:00:00,0.30918401651592164,0.30918401651592164
2023-02-24 15:00:00,0.24294721902868024,0.24294721902868024
2023-02-24 16:00:00,0.15358299569338496,0.15358299569338496
2023-02-24 17:00:00,0.05221380110606747,0.05221380110606747
2023-02-24 18:00:00,0.0,0.0
2023-02-24 19:00:00,0.0,0.0
2023-02-24 20:00:00,0.0,0.0
2023-02-24 21:00:00,0.0,0.0
2023-02-24 22:00:00,0.0,0.0
2023-02-24 23:00:00,0.0,0.0
2023-02-25 00:00:00,0.0,0.0
2023-02-25 01:00:00,0.0,0.0
2023-02-25 02:00:00,0.0,0.0
2023-02-25 03:00:00,0.0,0.0
2023-02-25 04:00:00,0.0,0.0
2023-02-25 05:00:00,0.0,0.0
2023-02-25 06:00:00,0.0,0.0
2023-02-25 07:00:00,0.003770000287741763,0.003770000287741763
2023-02-25 08:00:00,0.0738068224533427,0.0738068224533427
2023-02-25 09:00:00,0.1522729754339505,0.1522729754339505
2023-02-25 10:00:00,0.2167392742934443,0.2167392742934443
2023-02-25 11:00:00,0.2609106852693172,0.2609106852693172
2023-02-25 12:00:00,0.2813078758249107,0.2813078758249107
2023-02-25 13:00:00,0.276410833622241,0.276410833622241
2023-02-25 14:00:00,0.24658550197835488,0.24658550197835488
2023-02-25 15:00:00,0.19409240010440024,0.19409240010440024
2023-02-25 16:00:00,0.12328157422081272,0.12328157422081272
2023-02-25 17:00:00,0.042822056511484345,0.042822056511484345
2023-02-25 18:00:00,0.0,0.0
2023-02-25 19:00:00,0.0,0.0
2023-02-25 20:00:00,0.0,0.0
2023-02-25 21:00:00,0.0,0.0
2023-02-25 22:00:00,0.0,0.0
2023-02-25 23:00:00,0.0,0.0
2023-02-26 00:00:00,0.0,0.0
2023-02-26 01:00:00,0.0,0.0
2023-02-26 02:00:00,0.0,0.0
2023-02-26 03:00:00,0.0,0.0
2023-02-26 04:00:00,0.0,0.0
2023-02-26 05:00:00,0.0,0.0
2023-02-26 06:00:00,0.0,0.0
2023-02-26 07:00:00,0.005814087246704754,0.005814087246704754
2023-02-26 08:00:00,0.09576420524428854,0.09576420524428854
2023-02-26 09:00:00,0.194894031150281,0.194894031150281
2023-02-26 10:00:00,0.2762285839434525,0.2762285839434525
2023-02-26 11:00:00,0.331912918537842,0.331912918537842
2023-02-26 12:00:00,0.3575752154563599,0.3575752154563599
2023-02-26 13:00:00,0.3513063392867737,0.3513063392867737
2023-02-26 14:00:00,0.31357422034968524,0.31357422034968524
2023-02-26 15:00:00,0.24723376509665937,0.24723376509665937
2023-02-26 16:00:00,0.15776064525207437,0.15776064525207437
2023-02-26 17:00:00,0.05593598843587841,0.05593598843587841
2023-02-26 18:00:00,0.0,0.0
2023-02-26 19:00:00,0.0,0.0
2023-02-26 20:00:00,0.0,0.0
2023-02-26 21:00:00,0.0,0.0
2023-02-26 22:00:00,0.0,0.0
2023-02-26 23:00:00,0.0,0.0
2023-02-27 00:00:00,0.0,0.0
2023-02-27 01:00:00,0.0,0.0
2023-02-27 02:00:00,0.0,0.0
2023-02-27 03:00:00,0.0,0.0
2023-02-27 04:00:00,0.0,0.0
2023-02-27 05:00:00,0.0,0.0
2023-02-27 06:00:00,0.0,0.0
2023-02-27 07:00:00,0.006601787198580678,0.006601787198580678
2023-02-27 08:00:00,0.0929627734183867,0.0929627734183867
2023-02-27 09:00:00,0.18669205519868232,0.18669205519868232
2023-02-27 10:00:00,0.26349458346027094,0.26349458346027094
2023-02-27 11:00:00,0.31603204162495324,0.31603204162495324
2023-02-27 12:00:00,0.3401928545013501,0.3401928545013501
2023-02-27 13:00:00,0.3341825686308852,0.3341825686308852
2023-02-27 14:00:00,0.29844931621582227,0.29844931621582227
2023-02-27 15:00:00,0.23569227421322286,0.23569227421322286
2023-02-27 16:00:00,0.15107139044451762,0.15107139044451762
2023-02-27 17:00:00,0.05462835509332793,0.05462835509332793
2023-02-27 18:00:00,0.0,0.0
2023-02-27 19:00:00,0.0,0.0
2023-02-27 20:00:00,0.0,0.0
2023-02-27 21:00:00,0.0,0.0
2023-02-27 22:00:00,0.0,0.0
2023-02-27 23:00:00,0.0,0.0
2023-02-28 00:00:00,0.0,0.0
2023-02-28 01:00:00,0.0,0.0
2023-02-28 02:00:00,0.0,0.0
2023-02-28 03:00:00,0.0,0.0
2023-02-28 04:00:00,0.0,0.0
2023-02-28 05:00:00,0.0,0.0
2023-02-28 06:00:00,0.0,0.0
2023-02-28 07:00:00,0.005335421219940277,0.005335421219940277
2023-02-28 08:00:00,0.06514203114609288,0.06514203114609288
2023-02-28 09:00:00,0.1291366128698466,0.1291366128698466
2023-02-28 10:00:00,0.18150650599613824,0.18150650599613824
2023-02-28 11:00:00,0.21729944451724353,0.21729944451724353
2023-02-28 12:00:00,0.2337230014857899,0.2337230014857899
2023-02-28 13:00:00,0.22955935922575008,0.22955935922575008
2023-02-28 14:00:00,0.20511862495193287,0.20511862495193287
2023-02-28 15:00:00,0.1622439927287878,0.1622439927287878
2023-02-28 16:00:00,0.10444752169046123,0.10444752169046123
2023-02-28 17:00:00,0.03848748416801671,0.03848748416801671
2023-02-28 18:00:00,0.0,0.0
2023-02-28 19:00:00,0.0,0.0
2023-02-28 20:00:00,0.0,0.0
2023-02-28 21:00:00,0.0,0.0
2023-02-28 22:00:00,0.0,0.0
2023-02-28 23:00:00,0.0,0.0
2023-03-01 00:00:00,0.0,0.0
2023-03-01 01:00:00,0.0,0.0
2023-03-01 02:00:00,0.0,0.0
2023-03-01 03:00:00,0.0,0.0
2023-03-01 04:00:00,0.0,0.0
2023-03-01 05:00:00,0.0,0.0
2023-03-01 06:00:00,0.0,0.0
2023-03-01 07:00:00,0.00994477862054551,0.00994477862054551
2023-03-01 08:00:00,0.10659542576944352,0.10659542576944352
2023-03-01 09:00:00,0.20866289244620437,0.20866289244620437
2023-03-01 10:00:00,0.2920833361585202,0.2920833361585202
2023-03-01 11:00:00,0.34904690732340865,0.34904690732340865
2023-03-01 12:00:00,0.3751230114758101,0.3751230114758101
2023-03-01 13:00:00,0.36838116100608126,0.36838116100608126
2023-03-01 14:00:00,0.32932295050206695,0.32932295050206695
2023-03-01 15:00:00,0.2608893226569066,0.2608893226569066
2023-03-01 16:00:00,0.16866578135536067,0.16866578135536067
2023-03-01 17:00:00,0.06328443268565241,0.06328443268565241
2023-03-01 18:00:00,0.0,0.0
2023-03-01 19:00:00,0.0,0.0
2023-03-01 20:00:00,0.0,0.0
2023-03-01 21:00:00,0.0,0.0
2023-03-01 22:00:00,0.0,0.0
2023-03-01 23:00:00,0.0,0.0
2023-03-02 00:00:00,0.0,0.0
2023-03-02 01:00:00,0.0,0.0
2023-03-02 02:00:00,0.0,0.0
2023-03-02 03:00:00,0.0,0.0
2023-03-02 04:00:00,0.0,0.0
2023-03-02 05:00:00,0.0,0.0
2023-03-02 06:00:00,0.0,0.0
2023-03-02 07:00:00,0.005500062145122587,0.005500062145122587
2023-03-02 08:00:00,0.052330710772586234,0.052330710772586234
2023-03-02 09:00:00,0.10118736695735929,0.10118736695735929
2023-03-02 10:00:00,0.14106814902236464,0.14106814902236464
2023-03-02 11:00:00,0.16827540488458087,0.16827540488458087
2023-03-02 12:00:00,0.18069922138190903,0.18069922138190903
2023-03-02 13:00:00,0.1774212588105657,0.1774212588105657
2023-03-02 14:00:00,0.15868514155450636,0.15868514155450636
2023-03-02 15:00:00,0.12589947758151168,0.12589947758151168
2023-03-02 16:00:00,0.08173087472872137,0.08173087472872137
2023-03-02 17:00:00,0.03120233216077233,0.03120233216077233
2023-03-02 18:00:00,0.0,0.0
2023-03-02 19:00:00,0.0,0.0
2023-03-02 20:00:00,0.0,0.0
2023-03-02 21:00:00,0.0,0.0
2023-03-02 22:00:00,0.0,0.0
2023-03-02 23:00:00,0.0,0.0
2023-03-03 00:00:00,0.0,0.0
2023-03-03 01:00:00,0.0,0.0
2023-03-03 02:00:00,0.0,0.0
2023-03-03 03:00:00,0.0,0.0
2023-03-03 04:00:00,0.0,0.0
2023-03-03 05:00:00,0.0,0.0
2023-03-03 06:00:00,0.0,0.0
2023-03-03 07:00:00,0.006961399068931687,0.006961399068931687
2023-03-03 08:00:00,0.05937433405697011,0.05937433405697011
2023-03-03 09:00:00,0.11344176862262777,0.11344176862262777
2023-03-03 10:00:00,0.15752142762198132,0.15752142762198132
2023-03-03 11:00:00,0.18756443377231033,0.18756443377231033
2023-03-03 12:00:00,0.2012476618259508,0.2012476618259508
2023-03-03 13:00:00,0.19756121834685944,0.19756121834685944
2023-03-03 14:00:00,0.17677880352584102,0.17677880352584102
2023-03-03 15:00:00,0.14046054925473256,0.14046054925473256
2023-03-03 16:00:00,0.09155041420530148,0.09155041420530148
2023-03-03 17:00:00,0.0355379896984937,0.0355379896984937
2023-03-03 18:00:00,0.0,0.0
2023-03-03 19:00:00,0.0,0.0
2023-03-03 20:00:00,0.0,0.0
2023-03-03 21:00:00,0.0,0.0
2023-03-03 22:00:00,0.0,0.0
2023-03-03 23:00:00,0.0,0.0
2023-03-04 00:00:00,0.0,0.0
2023-03-04 01:00:00,0.0,0.0
2023-03-04 02:00:00,0.0,0.0
2023-03-04 03:00:00,0.0,0.0
2023-03-04 04:00:00,0.0,0.0
2023-03-04 05:00:00,0.0,0.0
2023-03-04 06:00:00,0.0,0.0
2023-03-04 07:00:00,0.01295112088837602,0.01295112088837602
2023-03-04 08:00:00,0.09989258231367519,0.09989258231367519
2023-03-04 09:00:00,0.1886473300208365,0.1886473300208365
2023-03-04 10:00:00,0.26091832908090407,0.26091832908090407
2023-03-04 11:00:00,0.3101269787492362,0.3101269787492362
2023-03-04 12:00:00,0.3324787838834432,0.3324787838834432
2023-03-04 13:00:00,0.3263265202599784,0.3263265202599784
2023-03-04 14:00:00,0.29212649884192277,0.29212649884192277
2023-03-04 15:00:00,0.23244240305407715,0.23244240305407715
2023-03-04 16:00:00,0.1520964238011312,0.1520964238011312
2023-03-04 17:00:00,0.05999302910641891,0.05999302910641891
2023-03-04 18:00:00,0.0,0.0
2023-03-04 19:00:00,0.0,0.0
2023-03-04 20:00:00,0.0,0.0
2023-03-04 21:00:00,0.0,0.0
2023-03-04 22:00:00,0.0,0.0
2023-03-04 23:00:00,0.0,0.0
2023-03-05 00:00:00,0.0,0.0
2023-03-05 01:00:00,0.0,0.0
2023-03-05 02:00:00,0.0,0.0
2023-03-05 03:00:00,0.0,0.0
2023-03-05 04:00:00,0.0,0.0
2023-03-05 05:00:00,0.0,0.0
2023-03-05 06:00:00,0.0,0.0
2023-03-05 07:00:00,0.015558206978268414,0.015558206978268414
2023-03-05 08:00:00,0.10937584951562204,0.10937584951562204
2023-03-05 09:00:00,0.20422910694518912,0.20422910694518912
2023-03-05 10:00:00,0.28137306047106747,0.28137306047106747
2023-03-05 11:00:00,0.3338465664918382,0.3338465664918382
2023-03-05 12:00:00,0.35761438475727464,0.35761438475727464
2023-03-05 13:00:00,0.35092748679604263,0.35092748679604263
2023-03-05 14:00:00,0.3142813419357781,0.3142813419357781
2023-03-05 15:00:00,0.2504191439843655,0.2504191439843655
2023-03-05 16:00:00,0.16448434194850647,0.16448434194850647
2023-03-05 17:00:00,0.06588538415918098,0.06588538415918098
2023-03-05 18:00:00,5.126016866151594e-06,5.126016866151594e-06
2023-03-05 19:00:00,0.0,0.0
2023-03-05 20:00:00,0.0,0.0
2023-03-05 21:00:00,0.0,0.0
2023-03-05 22:00:00,0.0,0.0
2023-03-05 23:00:00,0.0,0.0
2023-03-06 00:00:00,0.0,0.0
2023-03-06 01:00:00,0.0,0.0
2023-03-06 02:00:00,0.0,0.0
2023-03-06 03:00:00,0.0,0.0
2023-03-06 04:00:00,0.0,0.0
2023-03-06 05:00:00,0.0,0.0
2023-03-06 06:00:00,0.0,0.0
2023-03-06 07:00:00,0.016092389718561518,0.016092389718561518
2023-03-06 08:00:00,0.10384432460771847,0.10384432460771847
2023-03-06 09:00:00,0.1917742407529059,0.1917742407529059
2023-03-06 10:00:00,0.26320255219955135,0.26320255219955135
2023-03-06 11:00:00,0.3117379270147542,0.3117379270147542
2023-03-06 12:00:00,0.33365784221996897,0.33365784221996897
2023-03-06 13:00:00,0.32735154834097185,0.32735154834097185
2023-03-06 14:00:00,0.29328585525405293,0.29328585525405293
2023-03-06 15:00:00,0.23400731524723423,0.23400731524723423
2023-03-06 16:00:00,0.15427559974012447,0.15427559974012447
2023-03-06 17:00:00,0.06271809476838985,0.06271809476838985
2023-03-06 18:00:00,5.231013576642128e-05,5.231013576642128e-05
2023-03-06 19:00:00,0.0,0.0
2023-03-06 20:00:00,0.0,0.0
2023-03-06 21:00:00,0.0,0.0
2023-03-06 22:00:00,0.0,0.0
2023-03-06 23:00:00,0.0,0.0
2023-03-07 00:00:00,0.0,0.0
2023-03-07 01:00:00,0.0,0.0
2023-03-07 02:00:00,0.0,0.0
2023-03-07 03:00:00,0.0,0.0
2023-03-07 04:00:00,0.0,0.0
2023-03-07 05:00:00,0.0,0.0
2023-03-07 06:00:00,0.0,0.0
2023-03-07 07:00:00,0.018860863231007927,0.018860863231007927
2023-03-07 08:00:00,0.11243025902145294,0.11243025902145294
2023-03-07 09:00:00,0.20541467693684654,0.20541467693684654
2023-03-07 10:00:00,0.28086040201171797,0.28086040201171797
2023-03-07 11:00:00,0.3320712445122283,0.3320712445122283
2023-03-07 12:00:00,0.35512957838569886,0.35512957838569886
2023-03-07 13:00:00,0.3483433561772563,0.3483433561772563
2023-03-07 14:00:00,0.31221442945743566,0.31221442945743566
2023-03-07 15:00:00,0.2494400041903822,0.2494400041903822
2023-03-07 16:00:00,0.16504551473744739,0.16504551473744739
2023-03-07 17:00:00,0.06806012345997704,0.06806012345997704
2023-03-07 18:00:00,0.00012954787854874323,0.00012954787854874323
2023-03-07 19:00:00,0.0,0.0
2023-03-07 20:00:00,0.0,0.0
2023-03-07 21:00:00,0.0,0.0
2023-03-07 22:00:00,0.0,0.0
2023-03-07 23:00:00,0.0,0.0
